1级产品,2级产品,3级产品,4级产品,5级产品
风电机组设计,风电机组设计与仿真,,,
风电机组试验,风电材料疲劳测试,,,
风电机组试验,风电机组检测和认证,,,
风电机组试验,风电设备检测与认证服务,,,
风电机组试验,风电环境检测服务,,,
风电机组试验,UL检测与认证服务,,,
风电机组试验,风电电磁兼容检测与认证服务,,,
风电机组制造,风电机组制造设备,风电螺栓紧固机器人,,
风电机组制造,风电机组制造设备,焊接机器人,,
风电机组制造,风电机组制造设备,激光加工机器人,,
风电机组制造,风电机组制造设备,叶片打磨喷涂设备,,
风电机组制造,风电机组制造设备,叶片树脂模具,,
风电机组制造,风电机组制造设备,热处理产线,,
风电机组制造,风电机组制造设备,风电轴承加工机床,,
风电机组制造,风电机组制造设备,切削刀具,,
风电机组制造,风电机组制造设备,精密模具,,
风电机组制造,风电机组制造服务,部件热处理服务,,
风电机组制造,风电机组制造服务,叶片喷胶,,
风电机组制造,风电机组制造服务,电气柜线束加工设备与服务,,
风电机组制造,风电机组制造服务,密封服务,,
风电机组,风电机组气象系统,风速风向传感器,毫米波风速传感器,
风电机组,风电机组气象系统,风速风向传感器,超声风速传感器,
风电机组,风电机组气象系统,风速风向传感器,风电激光雷达,风电激光雷达零件
风电机组,风电机组气象系统,风速风向传感器,,
风电机组,风电机组塔筒,通风过滤设备,,
风电机组,风电机组塔筒,风电舱口,,
风电机组,风电机组塔筒,风电塔筒拉索,,
风电机组,风电机组塔筒,风电塔筒灯,,
风电机组,风电机组塔筒,风电塔筒防腐材料,涂料,
风电机组,风电机组塔筒,风电塔筒传感器,倾角传感器,
风电机组,风电机组塔筒,风电混塔,钢材,
风电机组,风电机组主控系统,PLC与IO,,
风电机组,风电机组主控系统,机柜加热器,,
风电机组,风电机组主控系统,机柜温湿度控制器,,
风电机组,风电机组主控系统,防雷设备,,
风电机组,风电机组主控系统,工业手柄、闭锁系统,,
风电机组,风电机组主控系统,散热⻛扇,,
风电机组,风电机组传动轴系,制动器,刹车片,
风电机组,风电机组传动轴系,制动器,制动液压系统,
风电机组,风电机组传动轴系,风电轴承,主轴轴承,轴承滚子
风电机组,风电机组传动轴系,风电轴承,变速箱轴承,
风电机组,风电机组传动轴系,风电轴承,发电机轴承,
风电机组,风电机组传动轴系,风电轴承,轴承密封,
风电机组,风电机组传动轴系,轴承金属保持架,,
风电机组,风电机组传动轴系,联轴器,,
风电机组,风电机组传动轴系,编码器,,
风电机组,风电机组传动轴系,风电机组减振设备,,
风电机组,风电机组传动轴系,齿轮箱,行星齿轮,
风电机组,风电机组变桨系统,变桨电机,碳刷,
风电机组,风电机组变桨系统,变桨电机,滑环,
风电机组,风电机组变桨系统,变桨轴承,,
风电机组,风电机组变桨系统,变桨驱动器,,
风电机组,风电机组变桨系统,变桨后备电源,超级电容储能,
风电机组,风电机组变桨系统,重载连接器,,
风电机组,风电机组变桨系统,变桨传感器,接近开关,
风电机组,风电机组变桨系统,变桨机柜,,
风电机组,风电机组偏航系统,偏航轴承,,
风电机组,风电机组偏航系统,偏航驱动器,,
风电机组,风电机组偏航系统,偏航制动器,偏航制动器摩擦片,
风电机组,风电机组偏航系统,偏航控制系统,电路板电子元器件,
风电机组,风电机组偏航系统,偏航控制系统,电路板连接器,
风电机组,风电机组偏航系统,偏航控制系统,信号继电器,
风电机组,风电机组偏航系统,偏航控制系统,防雷设备,浪涌保护器
风电机组,风电机组偏航系统,偏航液压系统,液压泵,
风电机组,风电机组偏航系统,偏航液压系统,阀门,
风电机组,风电机组偏航系统,偏航液压系统,过滤器,
风电机组,风电机组偏航系统,偏航液压系统,液压系统连接件,卡箍
风电机组,风电机组偏航系统,偏航液压系统,液压系统连接件,软管
风电机组,风电机组偏航系统,偏航液压系统,液压系统连接件,快速接头
风电机组,风电机组偏航系统,偏航液压系统,加热器,
风电机组,风电机组偏航系统,偏航液压系统,,
风电机组,风电机组偏航系统,偏航齿圈,风电齿圈锻件,
风电机组,风电机组机舱,玻纤织物,玻璃纤维,
风电机组,风电机组机舱,散热⻛扇,,
风电机组,风电机组机舱,防雷设备,避雷针,
风电机组,风电机组机舱,警示灯,,
风电机组,风电机组轮毂,风电滑环,碳刷,
风电机组,风电机组轮毂,风电滑环,,
风电机组,风电机组叶片,防腐材料,涂料,
风电机组,风电机组叶片,叶片夹芯材料,,
风电机组,风电机组叶片,结构胶,,
风电机组,风电机组叶片,树脂,灌注专用树脂,
风电机组,风电机组叶片,玻纤织物,碳纤维,
风电机组,风电机组叶片,玻纤织物,玻璃纤维,
风电机组,风电机组润滑系统,润滑油泵,,
风电机组,风电机组润滑系统,润滑油,,
风电机组,风电机组润滑系统,加油器,,
风电机组,风电机组润滑系统,滤油设备,滤芯,
风电机组,风电机组变流器系统,变流器控制系统,电路板电子元器件,
风电机组,风电机组变流器系统,变流器控制系统,电路板连接器,
风电机组,风电机组变流器系统,变流器控制系统,防雷设备,
风电机组,风电机组变流器系统,换热器,冷却管,
风电机组,风电机组变流器系统,机柜加热器,,
风电机组,风电机组变流器系统,机柜温湿度控制器,,
风电机组,风电机组变流器系统,防雷设备,,
风电机组,风电机组变流器系统,工业手柄、闭锁系统,,
风电机组,风电机组变流器系统,电力电容器,,
风电机组,风电机组变流器系统,散热⻛扇,,
风电机组,风电机组变流器系统,IGBT驱动器,,
风电机组,风电机组变流器系统,互感器,,
风电机组,风电机组变流器系统,电气开关,断路器,
风电机组,风电机组变流器系统,电气开关,电气熔断器,
风电机组,风电机组电气系统,风电机组电缆,铜金属结构件,铜金属粉末
风电机组,风电机组电气系统,风电机组电缆,保护套管,
风电机组,风电机组电气系统,风电机组电缆,电缆接头,
风电机组,风电机组电气系统,风电导电轨,,
风电机组,风电机组电气系统,接地碳刷,,
风电机组,风电机组电气系统,电源系统,,
风电机组,风电机组通信系统,工业以太网设备,交换机、路由器、网关,
风电机组,风电机组通信系统,通信连接线,光纤、光缆、网络线缆,
风电机组,风电机组通信系统,通信连接线,,
风电机组,风电机组消防系统,防火材料,,
风电机组,风电机组发电机,碳刷,,
风电机组安装调试,风电机组安装工程,风电机组安装调试工具,螺栓螺母紧固件,
风电机组安装调试,风电机组安装工程,风电机组安装调试工具,塔式起重机,
风电机组安装调试,风电机组安装工程,风电机组安装调试工具,液压泵千斤顶,
风电机组安装调试,风电机组安装工程,风电机组安装调试工具,重型轮式运输车,
风电机组安装调试,风电机组安装工程,风电机组安装调试工具,螺纹锁固剂,
风电机组安装调试,风电机组安装工程,风电机组安装调试工具,风电吊具,吊索、吊具、缆绳、检修吊篮、塔筒升降机、车载检测吊篮、免爬器
风电机组安装调试,风电机组安装工程,风电机组安装调试工具,液压螺栓拉伸器,
风电机组安装调试,风电机组安装工程,风电机组安装调试工具,脚轮,
风电机组安装调试,风电机组安装工程,风电机组安装调试工具,海上风电安装船,
风电机组安装调试,风电机组安装工程,风电机组安装调试工具,海上风电平台,
风电机组安装调试,风电机组安装调试,风电机组安装调试服务,工业电梯,
风电机组安装调试,风电机组安装调试,风电机组安装调试服务,线缆敷设服务,线缆密封
风电机组运维,风电机组设备运维,风电机组运维工具,工业内窥镜,
风电机组运维,风电机组设备运维,风电机组运维工具,高空防坠落装置,逃生救援装置、全身式安全带、防坠器、速差器、安全绳
风电机组运维,风电机组设备运维,风电机组运维工具,巡检无人机,
风电机组运维,风电机组设备运维,风电机组运维工具,超声波螺栓应力检测仪,
风电机组运维,风电机组设备运维,风电机组运维工具,面罩呼吸器,
风电机组运维,风电机组设备运维,风电机组运维工具,电缆故障测试仪,
风电机组运维,风电机组设备运维,风电机组运维工具,振动传感器检测,
风电机组运维,风电机组设备运维,风电机组运维工具,除锈剂,
风电机组运维,风电机组设备运维,风电机组运维服务,风电轴修复,
风电机组运维,风电机组设备运维,风电机组运维服务,塔筒沉降监测,
风电机组运维,风电机组设备运维,风电机组运维服务,叶片运维,
风电机组运维,风电机组设备运维,风电机组运维服务,测量服务,
风电机组运维,风电机组智慧软件与服务,设备故障诊断服务,,
风电场,风电场设备,变电站,,
风电场,风电场设备,测风塔,测风系统,
风电场,风电场设备,SCADA系统,,
风电场,风电场设备,气象站,,
风电场,风电场设备,储能系统,甲醇燃料电池,
风电场,风电场运营,工业吸尘器,,
风电场,风电场运维服务,风电场智慧监控软件,,
